{"cameraMode":{"drawMode":0,"name":"Shaded","section":"Shading Mode"},"sceneLighting":true,"audioPlay":false,"sceneViewState":{"showFog":true,"showMaterialUpdate":false,"showSkybox":true,"showFlares":true,"showImageEffects":true,"showParticleSystems":true},"in2DMode":false,"pivot":{"x":-8.959295272827149,"y":-17.502727508544923,"z":61.55348205566406},"rotation":{"x":0.1490510255098343,"y":-0.07113026082515717,"z":0.01075039617717266,"w":0.9862099885940552},"size":39.02749252319336,"orthographic":false}